{
    "identityPoolName": "testAuthIdentityPool",
    "allowUnauthenticatedIdentities": false,
    "resourceNameTruncated": "platfoe3724a3f",
    "userPoolName": "platformchesscentreapp",
    "autoVerifiedAttributes": [
        "email"
    ],
    "mfaConfiguration": "OFF",
    "mfaTypes": [
        "SMS Text Message"
    ],
    "smsAuthenticationMessage": "Your authentication code is {####}",
    "smsVerificationMessage": "Forgot password code: {####}",
    "emailVerificationSubject": "Your verification code",
    "emailVerificationMessage": "Your verification code is {####}",
    "defaultPasswordPolicy": false,
    "passwordPolicyMinLength": 8,
    "passwordPolicyCharacters": [
        "Requires Lowercase",
        "Requires Numbers",
        "Requires Symbols",
        "Requires Uppercase"
    ],
    "requiredAttributes": [
        "email"
    ],
    "userpoolClientGenerateSecret": false,
    "userpoolClientRefreshTokenValidity": 30,
    "userpoolClientWriteAttributes": [],
    "userpoolClientReadAttributes": [],
    "userpoolClientLambdaRole": "platfoe3724a3f_userpoolclient_lambda_role",
    "userpoolClientSetAttributes": false,
    "sharedId": "e3724a3f",
    "resourceName": "platformchesscentreapp",
    "authSelections": "identityPoolAndUserPool",
    "authRoleArn": {
        "Fn::GetAtt": [
            "AuthRole",
            "Arn"
        ]
    },
    "unauthRoleArn": {
        "Fn::GetAtt": [
            "UnauthRole",
            "Arn"
        ]
    },
    "serviceName": "Cognito",
    "usernameAttributes": [
        "email"
    ],
    "useDefault": "manual",
    "userPoolGroups": false,
    "userPoolGroupList": [],
    "adminQueries": false,
    "thirdPartyAuth": false,
    "authProviders": [],
    "usernameCaseSensitive": false,
    "dependsOn": [
        {
            "category": "function",
            "resourceName": "platformchesscentreappPostConfirmation",
            "triggerProvider": "Cognito",
            "attributes": [
                "Arn",
                "Name"
            ]
        },
        {
            "category": "function",
            "resourceName": "platformchesscentreappPreTokenGeneration",
            "triggerProvider": "Cognito",
            "attributes": [
                "Arn",
                "Name"
            ]
        }
    ],
    "triggers": "{\n  \"PostConfirmation\": [\n    \"custom\"\n  ],\n  \"PreTokenGeneration\": [\n    \"alter-claims\"\n  ]\n}",
    "hostedUI": false,
    "parentStack": {
        "Ref": "AWS::StackId"
    },
    "permissions": []
}