{
  "AWSTemplateFormatVersion": "2010-09-09",
  "Description": "Lambda Function resource stack creation using Amplify CLI",
  "Parameters": {
    "CloudWatchRule": {
      "Type": "String",
      "Default": "NONE",
      "Description": " Schedule Expression"
    },
    "deploymentBucketName": {
      "Type": "String"
    },
    "env": {
      "Type": "String"
    },
    "s3Key": {
      "Type": "String"
    },
    "apiplatformchesscentreappGraphQLAPIIdOutput": {
      "Type": "String",
      "Default": "apiplatformchesscentreappGraphQLAPIIdOutput"
    }
  },
  "Conditions": {
    "ShouldNotCreateEnvResources": {
      "Fn::Equals": [
        {
          "Ref": "env"
        },
        "NONE"
      ]
    }
  },
  "Resources": {
    "LambdaFunction": {
      "Type": "AWS::Lambda::Function",
      "Metadata": {
        "aws:asset:path": "./src",
        "aws:asset:property": "Code"
      },
      "Properties": {
        "Code": {
          "S3Bucket": {
            "Ref": "deploymentBucketName"
          },
          "S3Key": {
            "Ref": "s3Key"
          }
        },
        "Handler": "index.handler",
        "FunctionName": {
          "Fn::If": [
            "ShouldNotCreateEnvResources",
            "stripeCheckout",
            {
              "Fn::Join": [
                "",
                [
                  "stripeCheckout",
                  "-",
                  {
                    "Ref": "env"
                  }
                ]
              ]
            }
          ]
        },
        "Environment": {
          "Variables": {
            "ENV": {
              "Ref": "env"
            },
            "REGION": {
              "Ref": "AWS::Region"
            },
            "STRIPE_API_KEY": {
              "Fn::Sub": "{{resolve:secretsmanager:${env}/stripe:SecretString:SECRET_KEY}}"
            },
            "API_PLATFORMCHESSCENTREAPP_PLANTABLE_NAME": {
              "Fn::ImportValue": {
                "Fn::Sub": "${apiplatformchesscentreappGraphQLAPIIdOutput}:GetAtt:PlanTable:Name"
              }
            },
            "API_PLATFORMCHESSCENTREAPP_PLANTABLE_ARN": {
              "Fn::Join": [
                "",
                [
                  "arn:aws:dynamodb:",
                  {
                    "Ref": "AWS::Region"
                  },
                  ":",
                  {
                    "Ref": "AWS::AccountId"
                  },
                  ":table/",
                  {
                    "Fn::ImportValue": {
                      "Fn::Sub": "${apiplatformchesscentreappGraphQLAPIIdOutput}:GetAtt:PlanTable:Name"
                    }
                  }
                ]
              ]
            },
            "API_PLATFORMCHESSCENTREAPP_GRAPHQLAPIIDOUTPUT": {
              "Ref": "apiplatformchesscentreappGraphQLAPIIdOutput"
            }
          }
        },
        "Role": {
          "Fn::GetAtt": [
            "LambdaExecutionRole",
            "Arn"
          ]
        },
        "Runtime": "nodejs14.x",
        "Layers": [],
        "Timeout": "25"
      }
    },
    "LambdaExecutionRole": {
      "Type": "AWS::IAM::Role",
      "Properties": {
        "RoleName": {
          "Fn::If": [
            "ShouldNotCreateEnvResources",
            "platformchesscentreaLambdaRoled2fbe4de",
            {
              "Fn::Join": [
                "",
                [
                  "platformchesscentreaLambdaRoled2fbe4de",
                  "-",
                  {
                    "Ref": "env"
                  }
                ]
              ]
            }
          ]
        },
        "AssumeRolePolicyDocument": {
          "Version": "2012-10-17",
          "Statement": [
            {
              "Effect": "Allow",
              "Principal": {
                "Service": [
                  "lambda.amazonaws.com"
                ]
              },
              "Action": [
                "sts:AssumeRole"
              ]
            }
          ]
        }
      }
    },
    "lambdaexecutionpolicy": {
      "DependsOn": [
        "LambdaExecutionRole"
      ],
      "Type": "AWS::IAM::Policy",
      "Properties": {
        "PolicyName": "lambda-execution-policy",
        "Roles": [
          {
            "Ref": "LambdaExecutionRole"
          }
        ],
        "PolicyDocument": {
          "Version": "2012-10-17",
          "Statement": [
            {
              "Effect": "Allow",
              "Action": [
                "logs:CreateLogGroup",
                "logs:CreateLogStream",
                "logs:PutLogEvents"
              ],
              "Resource": {
                "Fn::Sub": [
                  "arn:aws:logs:${region}:${account}:log-group:/aws/lambda/${lambda}:log-stream:*",
                  {
                    "region": {
                      "Ref": "AWS::Region"
                    },
                    "account": {
                      "Ref": "AWS::AccountId"
                    },
                    "lambda": {
                      "Ref": "LambdaFunction"
                    }
                  }
                ]
              }
            }
          ]
        }
      }
    },
    "AmplifyResourcesPolicy": {
      "DependsOn": [
        "LambdaExecutionRole"
      ],
      "Type": "AWS::IAM::Policy",
      "Properties": {
        "PolicyName": "amplify-lambda-execution-policy",
        "Roles": [
          {
            "Ref": "LambdaExecutionRole"
          }
        ],
        "PolicyDocument": {
          "Version": "2012-10-17",
          "Statement": [
            {
              "Effect": "Allow",
              "Action": [
                "dynamodb:Get*",
                "dynamodb:BatchGetItem",
                "dynamodb:List*",
                "dynamodb:Describe*",
                "dynamodb:Scan",
                "dynamodb:Query"
              ],
              "Resource": [
                {
                  "Fn::Join": [
                    "",
                    [
                      "arn:aws:dynamodb:",
                      {
                        "Ref": "AWS::Region"
                      },
                      ":",
                      {
                        "Ref": "AWS::AccountId"
                      },
                      ":table/",
                      {
                        "Fn::ImportValue": {
                          "Fn::Sub": "${apiplatformchesscentreappGraphQLAPIIdOutput}:GetAtt:PlanTable:Name"
                        }
                      }
                    ]
                  ]
                },
                {
                  "Fn::Join": [
                    "",
                    [
                      "arn:aws:dynamodb:",
                      {
                        "Ref": "AWS::Region"
                      },
                      ":",
                      {
                        "Ref": "AWS::AccountId"
                      },
                      ":table/",
                      {
                        "Fn::ImportValue": {
                          "Fn::Sub": "${apiplatformchesscentreappGraphQLAPIIdOutput}:GetAtt:PlanTable:Name"
                        }
                      },
                      "/index/*"
                    ]
                  ]
                }
              ]
            }
          ]
        }
      }
    }
  },
  "Outputs": {
    "Name": {
      "Value": {
        "Ref": "LambdaFunction"
      }
    },
    "Arn": {
      "Value": {
        "Fn::GetAtt": [
          "LambdaFunction",
          "Arn"
        ]
      }
    },
    "Region": {
      "Value": {
        "Ref": "AWS::Region"
      }
    },
    "LambdaExecutionRole": {
      "Value": {
        "Ref": "LambdaExecutionRole"
      }
    }
  }
}