{
  "trigger": true,
  "modules": [
    "custom"
  ],
  "parentResource": "platformchesscentreapp",
  "functionName": "platformchesscentreappPostConfirmation",
  "resourceName": "platformchesscentreappPostConfirmation",
  "parentStack": "auth",
  "triggerEnvs": "[]",
  "triggerDir": "/usr/local/lib/node_modules/@aws-amplify/cli/node_modules/amplify-category-auth/provider-utils/awscloudformation/triggers/PostConfirmation",
  "triggerTemplate": "PostConfirmation.json.ejs",
  "triggerEventPath": "PostConfirmation.event.json",
  "roleName": "platformchesscentreappPostConfirmation",
  "skipEdit": true,
  "enableCors": false
}